[{"model": "timekeeper.client", "pk": 1, "fields": {"first_name": "Randell  ", "last_name": "Carnahan \u00a0", "email": "randell.carnahan@fakeemail.com", "phone_number": "(796) 879-4552"}}, {"model": "timekeeper.client", "pk": 2, "fields": {"first_name": "Darcel ", "last_name": "Brekke \u00a0", "email": "darcel.brekke@fakeemail.com", "phone_number": "(758) 255-5595"}}, {"model": "timekeeper.client", "pk": 3, "fields": {"first_name": "Cheri ", "last_name": "Briant \u00a0", "email": "cheri.briant@fakeemail.com", "phone_number": "(940) 803-9406"}}, {"model": "timekeeper.client", "pk": 4, "fields": {"first_name": "Cathrine ", "last_name": "Leitz \u00a0", "email": "cathrine.leitz@fakeemail.com", "phone_number": "(951) 691-0255"}}, {"model": "timekeeper.client", "pk": 5, "fields": {"first_name": "Augusta ", "last_name": "Messier \u00a0", "email": "augusta.messier@fakeemail.com", "phone_number": "(924) 636-1711"}}, {"model": "timekeeper.client", "pk": 6, "fields": {"first_name": "In ", "last_name": "Zahn \u00a0", "email": "in.zahn@fakeemail.com", "phone_number": "(445) 274-9935"}}, {"model": "timekeeper.client", "pk": 7, "fields": {"first_name": "Oleta ", "last_name": "Gamache \u00a0", "email": "oleta.gamache@fakeemail.com", "phone_number": "(416) 916-9417"}}, {"model": "timekeeper.client", "pk": 8, "fields": {"first_name": "Meaghan ", "last_name": "Vo \u00a0", "email": "meaghan.vo@fakeemail.com", "phone_number": "(194) 722-6357"}}, {"model": "timekeeper.client", "pk": 9, "fields": {"first_name": "Olevia ", "last_name": "Tatum \u00a0", "email": "olevia.tatum@fakeemail.com", "phone_number": "(850) 482-3318"}}, {"model": "timekeeper.client", "pk": 10, "fields": {"first_name": "Kenia ", "last_name": "Iniguez \u00a0", "email": "kenia.iniguez@fakeemail.com", "phone_number": "(744) 634-3314"}}, {"model": "timekeeper.project", "pk": 1, "fields": {"project_name": "Red flag", "project_description": "Installing red flags on buildings in Castle Hills", "project_hours": 20, "client": 1, "flat_rate": false, "running_cost": 0.0, "employees": []}}, {"model": "timekeeper.project", "pk": 2, "fields": {"project_name": "Bitter Proton", "project_description": "Repairing physics lab electron microscopes", "project_hours": 8, "client": 2, "flat_rate": false, "running_cost": 0.0, "employees": []}}, {"model": "timekeeper.project", "pk": 3, "fields": {"project_name": "Straw Fist", "project_description": "Upgrading scarecrows to better ward off crows", "project_hours": 7, "client": 3, "flat_rate": false, "running_cost": 0.0, "employees": []}}, {"model": "timekeeper.project", "pk": 4, "fields": {"project_name": "Weeknight Eastern", "project_description": "Installing streetlights on Wurzbach Pkwy", "project_hours": 9, "client": 4, "flat_rate": false, "running_cost": 0.0, "employees": []}}, {"model": "timekeeper.project", "pk": 5, "fields": {"project_name": "Liquid Fogger", "project_description": "Conducting pest control services at San Antonio Aquarium", "project_hours": 22, "client": 5, "flat_rate": false, "running_cost": 0.0, "employees": []}}, {"model": "timekeeper.project", "pk": 6, "fields": {"project_name": "Bleeding Boomerang", "project_description": "I don't know, something about Australia", "project_hours": 17, "client": 6, "flat_rate": false, "running_cost": 0.0, "employees": []}}, {"model": "timekeeper.project", "pk": 7, "fields": {"project_name": "Early Coffin", "project_description": "Trimming hedges for a group of San Antonio mortuaries", "project_hours": 9, "client": 7, "flat_rate": false, "running_cost": 0.0, "employees": []}}, {"model": "timekeeper.project", "pk": 8, "fields": {"project_name": "Heavy Tuba", "project_description": "Re-paving the sidewalk in front of local bandhall", "project_hours": 25, "client": 8, "flat_rate": false, "running_cost": 0.0, "employees": []}}, {"model": "timekeeper.project", "pk": 9, "fields": {"project_name": "Brutal fish", "project_description": "Conducting survey of San Antonio river goldfish populations", "project_hours": 26, "client": 9, "flat_rate": false, "running_cost": 0.0, "employees": []}}, {"model": "timekeeper.project", "pk": 10, "fields": {"project_name": "Endless Accidentally Knife", "project_description": "Self explanatory", "project_hours": 28, "client": 10, "flat_rate": false, "running_cost": 0.0, "employees": []}}, {"model": "timekeeper.project", "pk": 11, "fields": {"project_name": "Supersonic Ruby", "project_description": "something something something fast", "project_hours": 2, "client": 1, "flat_rate": false, "running_cost": 0.0, "employees": []}}, {"model": "timekeeper.project", "pk": 12, "fields": {"project_name": "Sane trombone", "project_description": "Removing asbestos from local bandhall", "project_hours": 15, "client": 2, "flat_rate": false, "running_cost": 0.0, "employees": [2, 3]}}, {"model": "timekeeper.project", "pk": 13, "fields": {"project_name": "Gold Kangaroo", "project_description": "Something else about Australia, just with more gold", "project_hours": 25, "client": 3, "flat_rate": false, "running_cost": 0.0, "employees": [2, 3]}}, {"model": "timekeeper.projecttask", "pk": 1, "fields": {"project_task_link": 1, "project_task_title": "Define the color red", "project_task_description": "What, truly, does red mean?", "project_task_hours_remaining": 8}}, {"model": "timekeeper.projecttask", "pk": 2, "fields": {"project_task_link": 1, "project_task_title": "Consider a flag", "project_task_description": "How to apply red to flag", "project_task_hours_remaining": 12}}, {"model": "timekeeper.projecttask", "pk": 3, "fields": {"project_task_link": 2, "project_task_title": "Ensure true proton bitterness", "project_task_description": "Taste and review proton", "project_task_hours_remaining": 2}}, {"model": "timekeeper.projecttask", "pk": 4, "fields": {"project_task_link": 2, "project_task_title": "Fix the microscope", "project_task_description": "Try to figure out how to repair the microscope, think about proton lunch", "project_task_hours_remaining": 6}}, {"model": "timekeeper.projecttask", "pk": 5, "fields": {"project_task_link": 3, "project_task_title": "Determine straw type", "project_task_description": "Is this a fist made of drinking straws or straw(grass)?", "project_task_hours_remaining": 3}}, {"model": "timekeeper.projecttask", "pk": 6, "fields": {"project_task_link": 3, "project_task_title": "Make a fist", "project_task_description": "Read wikihow on how to make a fist", "project_task_hours_remaining": 4}}, {"model": "timekeeper.projecttask", "pk": 7, "fields": {"project_task_link": 4, "project_task_title": "Procure streetlights", "project_task_description": "Buy streetlights from shady streetlight vendor", "project_task_hours_remaining": 4}}, {"model": "timekeeper.projecttask", "pk": 8, "fields": {"project_task_link": 4, "project_task_title": "Make lights work", "project_task_description": "...stupid shady streetlights...", "project_task_hours_remaining": 5}}, {"model": "timekeeper.projecttask", "pk": 9, "fields": {"project_task_link": 5, "project_task_title": "Create seal repellent", "project_task_description": "Keep those pesky boys at bay", "project_task_hours_remaining": 12}}, {"model": "timekeeper.projecttask", "pk": 10, "fields": {"project_task_link": 5, "project_task_title": "Remove rats", "project_task_description": "Get the rats out of the seal exhibit", "project_task_hours_remaining": 10}}, {"model": "timekeeper.projecttask", "pk": 11, "fields": {"project_task_link": 6, "project_task_title": "Find Australia on the map", "project_task_description": "It's the one by itself :(", "project_task_hours_remaining": 9}}, {"model": "timekeeper.projecttask", "pk": 12, "fields": {"project_task_link": 6, "project_task_title": "Teach a boomerang human emotion", "project_task_description": "If a boomerang feels, does it bleed?", "project_task_hours_remaining": 6}}, {"model": "timekeeper.projecttask", "pk": 13, "fields": {"project_task_link": 7, "project_task_title": "Shape hedges", "project_task_description": "Create patterns to make cemetery less menacing", "project_task_hours_remaining": 2}}, {"model": "timekeeper.projecttask", "pk": 14, "fields": {"project_task_link": 7, "project_task_title": "Sigil removal", "project_task_description": "Oops! You created a forbidden sigil. Remove it to remove curse from the cemetery.", "project_task_hours_remaining": 7}}, {"model": "timekeeper.projecttask", "pk": 15, "fields": {"project_task_link": 8, "project_task_title": "Fill tuba with cement", "project_task_description": "Don't question it that's how the pros do it.", "project_task_hours_remaining": 13}}, {"model": "timekeeper.projecttask", "pk": 16, "fields": {"project_task_link": 8, "project_task_title": "Drop tuba", "project_task_description": "Too much cement, too heavy", "project_task_hours_remaining": 12}}, {"model": "timekeeper.projecttask", "pk": 17, "fields": {"project_task_link": 9, "project_task_title": "Attempt to catch goldfish", "project_task_description": "No poles, just use your hands.", "project_task_hours_remaining": 14}}, {"model": "timekeeper.projecttask", "pk": 18, "fields": {"project_task_link": 9, "project_task_title": "Consider the tranquility of fishing", "project_task_description": "This is nice, no wife, no kids, no seals", "project_task_hours_remaining": 12}}, {"model": "timekeeper.projecttask", "pk": 19, "fields": {"project_task_link": 10, "project_task_title": "Determine the true meaning of endless", "project_task_description": "Gain the ultimate knowledge", "project_task_hours_remaining": 18}}, {"model": "timekeeper.projecttask", "pk": 20, "fields": {"project_task_link": 10, "project_task_title": "Find a use for your newfound knowledge", "project_task_description": "I don't know man, you're the smart one now.", "project_task_hours_remaining": 10}}, {"model": "timekeeper.projecttask", "pk": 21, "fields": {"project_task_link": 11, "project_task_title": "Find a ruby", "project_task_description": "Any ruby will do, don't steal", "project_task_hours_remaining": 1}}, {"model": "timekeeper.projecttask", "pk": 22, "fields": {"project_task_link": 11, "project_task_title": "Spin in a circle quickly", "project_task_description": "Try to get enough speed to go supersonic (you will fail)", "project_task_hours_remaining": 1}}, {"model": "timekeeper.projecttask", "pk": 23, "fields": {"project_task_link": 12, "project_task_title": "Obtain gas mask", "project_task_description": "This one is really a gimme, don't breathe the asbestos", "project_task_hours_remaining": 7}}, {"model": "timekeeper.projecttask", "pk": 24, "fields": {"project_task_link": 12, "project_task_title": "Play harsh tones at the asbestos", "project_task_description": "Use your trombone and a tube running from your gas masks to remove asbestos.", "project_task_hours_remaining": 10}}, {"model": "timekeeper.projecttask", "pk": 25, "fields": {"project_task_link": 13, "project_task_title": "Solid gold? Wouldn't that hurt?", "project_task_description": "No the kangaroo is not in pain.", "project_task_hours_remaining": 10}}, {"model": "timekeeper.projecttask", "pk": 26, "fields": {"project_task_link": 13, "project_task_title": "Get into the kangaroo's pouch", "project_task_description": "This is your home now.", "project_task_hours_remaining": 19}}, {"model": "timekeeper.timecard", "pk": 1, "fields": {"timecard_owner": 1, "timecard_project": 9, "project_task": 17, "timecard_date": "2017-06-09", "timecard_hours": 4, "timecard_charge": 5.0, "timecard_approved": "Pending"}}, {"model": "timekeeper.timecard", "pk": 2, "fields": {"timecard_owner": 1, "timecard_project": 1, "project_task": 1, "timecard_date": "2017-06-10", "timecard_hours": 2, "timecard_charge": 6.0, "timecard_approved": "Pending"}}, {"model": "timekeeper.timecard", "pk": 3, "fields": {"timecard_owner": 1, "timecard_project": 13, "project_task": 25, "timecard_date": "2017-06-11", "timecard_hours": 4, "timecard_charge": 6.0, "timecard_approved": "Pending"}}, {"model": "timekeeper.timecard", "pk": 4, "fields": {"timecard_owner": 1, "timecard_project": 8, "project_task": 16, "timecard_date": "2017-06-12", "timecard_hours": 2, "timecard_charge": 7.0, "timecard_approved": "Pending"}}, {"model": "timekeeper.timecard", "pk": 5, "fields": {"timecard_owner": 1, "timecard_project": 3, "project_task": 5, "timecard_date": "2017-06-13", "timecard_hours": 4, "timecard_charge": 8.0, "timecard_approved": "Pending"}}, {"model": "timekeeper.timecard", "pk": 6, "fields": {"timecard_owner": 1, "timecard_project": 3, "project_task": 5, "timecard_date": "2017-06-14", "timecard_hours": 2, "timecard_charge": 9.0, "timecard_approved": "Pending"}}, {"model": "timekeeper.timecard", "pk": 7, "fields": {"timecard_owner": 1, "timecard_project": 9, "project_task": 17, "timecard_date": "2017-06-15", "timecard_hours": 2, "timecard_charge": 10.0, "timecard_approved": "Pending"}}, {"model": "timekeeper.timecard", "pk": 8, "fields": {"timecard_owner": 1, "timecard_project": 12, "project_task": 24, "timecard_date": "2017-06-16", "timecard_hours": 4, "timecard_charge": 11.0, "timecard_approved": "Pending"}}, {"model": "timekeeper.timecard", "pk": 9, "fields": {"timecard_owner": 1, "timecard_project": 3, "project_task": 5, "timecard_date": "2017-06-17", "timecard_hours": 2, "timecard_charge": 12.0, "timecard_approved": "Pending"}}, {"model": "timekeeper.timecard", "pk": 10, "fields": {"timecard_owner": 1, "timecard_project": 4, "project_task": 8, "timecard_date": "2017-06-18", "timecard_hours": 4, "timecard_charge": 13.0, "timecard_approved": "Pending"}}, {"model": "timekeeper.timecard", "pk": 11, "fields": {"timecard_owner": 1, "timecard_project": 8, "project_task": 15, "timecard_date": "2017-06-19", "timecard_hours": 2, "timecard_charge": 14.0, "timecard_approved": "Pending"}}, {"model": "timekeeper.timecard", "pk": 12, "fields": {"timecard_owner": 1, "timecard_project": 5, "project_task": 9, "timecard_date": "2017-06-20", "timecard_hours": 2, "timecard_charge": 15.0, "timecard_approved": "Pending"}}, {"model": "timekeeper.timecard", "pk": 13, "fields": {"timecard_owner": 1, "timecard_project": 12, "project_task": 23, "timecard_date": "2017-06-21", "timecard_hours": 4, "timecard_charge": 16.0, "timecard_approved": "Pending"}}, {"model": "timekeeper.timecard", "pk": 14, "fields": {"timecard_owner": 1, "timecard_project": 2, "project_task": 4, "timecard_date": "2017-06-15", "timecard_hours": 2, "timecard_charge": 17.0, "timecard_approved": "Pending"}}, {"model": "timekeeper.timecard", "pk": 15, "fields": {"timecard_owner": 1, "timecard_project": 3, "project_task": 6, "timecard_date": "2017-06-01", "timecard_hours": 4, "timecard_charge": 18.0, "timecard_approved": "Pending"}}, {"model": "timekeeper.timecard", "pk": 18, "fields": {"timecard_owner": 1, "timecard_project": 8, "project_task": 16, "timecard_date": "2017-06-03", "timecard_hours": 4, "timecard_charge": 19.0, "timecard_approved": "Pending"}}, {"model": "timekeeper.timecard", "pk": 19, "fields": {"timecard_owner": 1, "timecard_project": 3, "project_task": 6, "timecard_date": "2017-06-04", "timecard_hours": 2, "timecard_charge": 5.0, "timecard_approved": "Pending"}}, {"model": "timekeeper.timecard", "pk": 20, "fields": {"timecard_owner": 1, "timecard_project": 5, "project_task": 9, "timecard_date": "2017-06-05", "timecard_hours": 4, "timecard_charge": 6.0, "timecard_approved": "Pending"}}, {"model": "timekeeper.timecard", "pk": 21, "fields": {"timecard_owner": 1, "timecard_project": 1, "project_task": 2, "timecard_date": "2017-06-06", "timecard_hours": 2, "timecard_charge": 7.0, "timecard_approved": "Pending"}}, {"model": "timekeeper.timecard", "pk": 22, "fields": {"timecard_owner": 1, "timecard_project": 2, "project_task": 3, "timecard_date": "2017-06-07", "timecard_hours": 2, "timecard_charge": 8.0, "timecard_approved": "Pending"}}, {"model": "timekeeper.timecard", "pk": 23, "fields": {"timecard_owner": 1, "timecard_project": 9, "project_task": 17, "timecard_date": "2017-06-08", "timecard_hours": 4, "timecard_charge": 9.0, "timecard_approved": "Pending"}}, {"model": "timekeeper.timecard", "pk": 24, "fields": {"timecard_owner": 1, "timecard_project": 10, "project_task": 20, "timecard_date": "2017-06-09", "timecard_hours": 2, "timecard_charge": 10.0, "timecard_approved": "Pending"}}, {"model": "timekeeper.timecard", "pk": 25, "fields": {"timecard_owner": 1, "timecard_project": 10, "project_task": 20, "timecard_date": "2017-06-10", "timecard_hours": 4, "timecard_charge": 11.0, "timecard_approved": "Pending"}}, {"model": "timekeeper.timecard", "pk": 26, "fields": {"timecard_owner": 1, "timecard_project": 2, "project_task": 3, "timecard_date": "2017-06-11", "timecard_hours": 2, "timecard_charge": 12.0, "timecard_approved": "Pending"}}, {"model": "timekeeper.timecard", "pk": 27, "fields": {"timecard_owner": 1, "timecard_project": 11, "project_task": 22, "timecard_date": "2017-06-12", "timecard_hours": 2, "timecard_charge": 13.0, "timecard_approved": "Pending"}}, {"model": "timekeeper.timecard", "pk": 28, "fields": {"timecard_owner": 1, "timecard_project": 4, "project_task": 8, "timecard_date": "2017-06-13", "timecard_hours": 4, "timecard_charge": 14.0, "timecard_approved": "Pending"}}, {"model": "timekeeper.timecard", "pk": 29, "fields": {"timecard_owner": 1, "timecard_project": 5, "project_task": 10, "timecard_date": "2017-06-14", "timecard_hours": 2, "timecard_charge": 15.0, "timecard_approved": "Pending"}}, {"model": "timekeeper.timecard", "pk": 30, "fields": {"timecard_owner": 1, "timecard_project": 10, "project_task": 20, "timecard_date": "2017-06-15", "timecard_hours": 4, "timecard_charge": 3.0, "timecard_approved": "Pending"}}, {"model": "timekeeper.timecard", "pk": 31, "fields": {"timecard_owner": 1, "timecard_project": 10, "project_task": 20, "timecard_date": "2017-06-16", "timecard_hours": 2, "timecard_charge": 5.0, "timecard_approved": "Pending"}}, {"model": "timekeeper.timecard", "pk": 32, "fields": {"timecard_owner": 1, "timecard_project": 8, "project_task": 15, "timecard_date": "2017-06-17", "timecard_hours": 2, "timecard_charge": 6.0, "timecard_approved": "Pending"}}, {"model": "timekeeper.timecard", "pk": 33, "fields": {"timecard_owner": 1, "timecard_project": 7, "project_task": 14, "timecard_date": "2017-06-18", "timecard_hours": 4, "timecard_charge": 4.0, "timecard_approved": "Pending"}}, {"model": "timekeeper.timecard", "pk": 34, "fields": {"timecard_owner": 1, "timecard_project": 8, "project_task": 15, "timecard_date": "2017-06-19", "timecard_hours": 2, "timecard_charge": 8.0, "timecard_approved": "Pending"}}, {"model": "timekeeper.timecard", "pk": 35, "fields": {"timecard_owner": 1, "timecard_project": 8, "project_task": 15, "timecard_date": "2017-06-20", "timecard_hours": 4, "timecard_charge": 6.0, "timecard_approved": "Approved"}}, {"model": "timekeeper.timecard", "pk": 36, "fields": {"timecard_owner": 2, "timecard_project": 9, "project_task": 18, "timecard_date": "2017-06-09", "timecard_hours": 3, "timecard_charge": 7.0, "timecard_approved": "Pending"}}, {"model": "timekeeper.timecard", "pk": 37, "fields": {"timecard_owner": 2, "timecard_project": 1, "project_task": 1, "timecard_date": "2017-06-10", "timecard_hours": 3, "timecard_charge": 9.0, "timecard_approved": "Pending"}}, {"model": "timekeeper.timecard", "pk": 38, "fields": {"timecard_owner": 2, "timecard_project": 13, "project_task": 26, "timecard_date": "2017-06-11", "timecard_hours": 1, "timecard_charge": 20.0, "timecard_approved": "Pending"}}, {"model": "timekeeper.timecard", "pk": 39, "fields": {"timecard_owner": 2, "timecard_project": 8, "project_task": 15, "timecard_date": "2017-06-12", "timecard_hours": 3, "timecard_charge": 30.0, "timecard_approved": "Pending"}}, {"model": "timekeeper.timecard", "pk": 40, "fields": {"timecard_owner": 2, "timecard_project": 3, "project_task": 5, "timecard_date": "2017-06-13", "timecard_hours": 4, "timecard_charge": 10.0, "timecard_approved": "Pending"}}, {"model": "timekeeper.timecard", "pk": 41, "fields": {"timecard_owner": 2, "timecard_project": 3, "project_task": 6, "timecard_date": "2017-06-14", "timecard_hours": 2, "timecard_charge": 10.0, "timecard_approved": "Pending"}}, {"model": "timekeeper.timecard", "pk": 42, "fields": {"timecard_owner": 2, "timecard_project": 9, "project_task": 17, "timecard_date": "2017-06-15", "timecard_hours": 1, "timecard_charge": 10.0, "timecard_approved": "Pending"}}, {"model": "timekeeper.timecard", "pk": 43, "fields": {"timecard_owner": 2, "timecard_project": 12, "project_task": 23, "timecard_date": "2017-06-16", "timecard_hours": 4, "timecard_charge": 10.0, "timecard_approved": "Pending"}}, {"model": "timekeeper.timecard", "pk": 44, "fields": {"timecard_owner": 2, "timecard_project": 3, "project_task": 5, "timecard_date": "2017-06-17", "timecard_hours": 3, "timecard_charge": 10.0, "timecard_approved": "Pending"}}, {"model": "timekeeper.timecard", "pk": 45, "fields": {"timecard_owner": 2, "timecard_project": 4, "project_task": 7, "timecard_date": "2017-06-18", "timecard_hours": 5, "timecard_charge": 10.0, "timecard_approved": "Pending"}}, {"model": "timekeeper.timecard", "pk": 46, "fields": {"timecard_owner": 2, "timecard_project": 8, "project_task": 16, "timecard_date": "2017-06-19", "timecard_hours": 2, "timecard_charge": 10.0, "timecard_approved": "Pending"}}, {"model": "timekeeper.timecard", "pk": 47, "fields": {"timecard_owner": 2, "timecard_project": 5, "project_task": 9, "timecard_date": "2017-06-20", "timecard_hours": 3, "timecard_charge": 10.0, "timecard_approved": "Pending"}}, {"model": "timekeeper.timecard", "pk": 48, "fields": {"timecard_owner": 2, "timecard_project": 12, "project_task": 23, "timecard_date": "2017-06-21", "timecard_hours": 4, "timecard_charge": 10.0, "timecard_approved": "Pending"}}, {"model": "timekeeper.timecard", "pk": 49, "fields": {"timecard_owner": 2, "timecard_project": 2, "project_task": 3, "timecard_date": "2017-06-15", "timecard_hours": 1, "timecard_charge": 10.0, "timecard_approved": "Pending"}}, {"model": "timekeeper.timecard", "pk": 50, "fields": {"timecard_owner": 2, "timecard_project": 3, "project_task": 5, "timecard_date": "2017-06-01", "timecard_hours": 2, "timecard_charge": 10.0, "timecard_approved": "Pending"}}, {"model": "timekeeper.timecard", "pk": 51, "fields": {"timecard_owner": 2, "timecard_project": 11, "project_task": 22, "timecard_date": "2017-06-03", "timecard_hours": 3, "timecard_charge": 10.0, "timecard_approved": "Pending"}}, {"model": "timekeeper.timecard", "pk": 52, "fields": {"timecard_owner": 2, "timecard_project": 3, "project_task": 6, "timecard_date": "2017-06-02", "timecard_hours": 4, "timecard_charge": 10.0, "timecard_approved": "Pending"}}, {"model": "timekeeper.timecard", "pk": 53, "fields": {"timecard_owner": 2, "timecard_project": 8, "project_task": 16, "timecard_date": "2017-06-03", "timecard_hours": 4, "timecard_charge": 10.0, "timecard_approved": "Pending"}}, {"model": "timekeeper.timecard", "pk": 54, "fields": {"timecard_owner": 2, "timecard_project": 3, "project_task": 5, "timecard_date": "2017-06-04", "timecard_hours": 3, "timecard_charge": 10.0, "timecard_approved": "Pending"}}, {"model": "timekeeper.timecard", "pk": 55, "fields": {"timecard_owner": 2, "timecard_project": 5, "project_task": 10, "timecard_date": "2017-06-05", "timecard_hours": 3, "timecard_charge": 10.0, "timecard_approved": "Pending"}}, {"model": "timekeeper.timecard", "pk": 56, "fields": {"timecard_owner": 2, "timecard_project": 1, "project_task": 1, "timecard_date": "2017-06-06", "timecard_hours": 2, "timecard_charge": 10.0, "timecard_approved": "Approved"}}, {"model": "timekeeper.timecard", "pk": 57, "fields": {"timecard_owner": 2, "timecard_project": 2, "project_task": 3, "timecard_date": "2017-06-07", "timecard_hours": 1, "timecard_charge": 10.0, "timecard_approved": "Pending"}}, {"model": "timekeeper.timecard", "pk": 58, "fields": {"timecard_owner": 2, "timecard_project": 9, "project_task": 17, "timecard_date": "2017-06-08", "timecard_hours": 2, "timecard_charge": 10.0, "timecard_approved": "Pending"}}, {"model": "timekeeper.timecard", "pk": 59, "fields": {"timecard_owner": 2, "timecard_project": 10, "project_task": 20, "timecard_date": "2017-06-09", "timecard_hours": 4, "timecard_charge": 10.0, "timecard_approved": "Pending"}}, {"model": "timekeeper.timecard", "pk": 60, "fields": {"timecard_owner": 2, "timecard_project": 10, "project_task": 20, "timecard_date": "2017-06-10", "timecard_hours": 5, "timecard_charge": 10.0, "timecard_approved": "Pending"}}, {"model": "timekeeper.timecard", "pk": 61, "fields": {"timecard_owner": 2, "timecard_project": 2, "project_task": 4, "timecard_date": "2017-06-11", "timecard_hours": 6, "timecard_charge": 10.0, "timecard_approved": "Pending"}}, {"model": "timekeeper.timecard", "pk": 62, "fields": {"timecard_owner": 2, "timecard_project": 11, "project_task": 21, "timecard_date": "2017-06-12", "timecard_hours": 1, "timecard_charge": 10.0, "timecard_approved": "Pending"}}, {"model": "timekeeper.timecard", "pk": 63, "fields": {"timecard_owner": 2, "timecard_project": 4, "project_task": 7, "timecard_date": "2017-06-13", "timecard_hours": 2, "timecard_charge": 10.0, "timecard_approved": "Pending"}}, {"model": "timekeeper.timecard", "pk": 64, "fields": {"timecard_owner": 2, "timecard_project": 5, "project_task": 9, "timecard_date": "2017-06-14", "timecard_hours": 2, "timecard_charge": 10.0, "timecard_approved": "Pending"}}, {"model": "timekeeper.timecard", "pk": 65, "fields": {"timecard_owner": 2, "timecard_project": 10, "project_task": 20, "timecard_date": "2017-06-15", "timecard_hours": 4, "timecard_charge": 10.0, "timecard_approved": "Pending"}}, {"model": "timekeeper.timecard", "pk": 66, "fields": {"timecard_owner": 2, "timecard_project": 10, "project_task": 19, "timecard_date": "2017-06-16", "timecard_hours": 2, "timecard_charge": 10.0, "timecard_approved": "Pending"}}, {"model": "timekeeper.timecard", "pk": 67, "fields": {"timecard_owner": 2, "timecard_project": 8, "project_task": 15, "timecard_date": "2017-06-17", "timecard_hours": 2, "timecard_charge": 10.0, "timecard_approved": "Pending"}}, {"model": "timekeeper.timecard", "pk": 68, "fields": {"timecard_owner": 2, "timecard_project": 7, "project_task": 14, "timecard_date": "2017-06-18", "timecard_hours": 4, "timecard_charge": 10.0, "timecard_approved": "Pending"}}, {"model": "timekeeper.timecard", "pk": 69, "fields": {"timecard_owner": 2, "timecard_project": 8, "project_task": 15, "timecard_date": "2017-06-19", "timecard_hours": 2, "timecard_charge": 10.0, "timecard_approved": "Pending"}}, {"model": "timekeeper.timecard", "pk": 70, "fields": {"timecard_owner": 3, "timecard_project": 8, "project_task": 16, "timecard_date": "2017-06-20", "timecard_hours": 4, "timecard_charge": 20.0, "timecard_approved": "Pending"}}, {"model": "timekeeper.timecard", "pk": 71, "fields": {"timecard_owner": 2, "timecard_project": 2, "project_task": 3, "timecard_date": "2017-06-21", "timecard_hours": 2, "timecard_charge": 10.0, "timecard_approved": "Approved"}}, {"model": "timekeeper.timecard", "pk": 72, "fields": {"timecard_owner": 1, "timecard_project": 1, "project_task": 2, "timecard_date": "2017-07-07", "timecard_hours": 4, "timecard_charge": 4.0, "timecard_approved": "Pending"}}, {"model": "timekeeper.timecard", "pk": 73, "fields": {"timecard_owner": 3, "timecard_project": 12, "project_task": 23, "timecard_date": "2017-07-07", "timecard_hours": 4, "timecard_charge": 4.0, "timecard_approved": "Pending"}}]